Player,Country,Team,Goals,Season
Thierry Henry,France,Arsenal FC,27,2005-2006
Ruud van Nistelrooy,Netherlands,Manchester United,21,2005-2006
Darren Bent,England,Charlton Athletic,18,2005-2006
Robbie Keane,Ireland,Tottenham Hotspur,16,2005-2006
Frank Lampard,England,Chelsea FC,16,2005-2006
Wayne Rooney,England,Manchester United,16,2005-2006
Marlon Harewood,England,West Ham United,14,2005-2006
Yakubu Ayegbeni,Nigeria,Middlesbrough FC,13,2005-2006
Craig Bellamy,Wales,Blackburn Rovers,13,2005-2006
Henri Camara,Senegal,Wigan Athletic,12,2005-2006
Didier Drogba,Ivory Coast,Chelsea FC,12,2005-2006
Collins John,Netherlands,Fulham FC,11,2005-2006
Mido,Egypt,Tottenham Hotspur,11,2005-2006
James Beattie,England,Everton FC,10,2005-2006
Hernán Crespo,Argentina,Chelsea FC,10,2005-2006
Steven Gerrard,England,Liverpool FC,10,2005-2006
Alan Shearer,England,Newcastle United,10,2005-2006
Shola Ameobi,Nigeria,Newcastle United,9,2005-2006
Djibril Cissé,France,Liverpool FC,9,2005-2006
Andy Cole,England,Manchester City,9,2005-2006
Cristiano Ronaldo,Portugal,Manchester United,9,2005-2006
Jermain Defoe,England,Tottenham Hotspur,9,2005-2006
Stylianos Giannakopoulos,Greece,Bolton Wanderers,9,2005-2006
Jimmy Floyd Hasselbaink,Netherlands,Middlesbrough FC,9,2005-2006
Brian McBride,USA,Fulham FC,9,2005-2006
Kevin Nolan,England,Bolton Wanderers,9,2005-2006
Morten Pedersen,Norway,Blackburn Rovers,9,2005-2006
Milan Baroš,Czech Republic,Liverpool FC,8,2005-2006
Peter Crouch,England,Liverpool FC,8,2005-2006
Heiðar Helguson,Iceland,Fulham FC,8,2005-2006
Luke Moore,England,Aston Villa,8,2005-2006
Jason Roberts,Grenada,Wigan Athletic,8,2005-2006
Darius Vassell,England,Manchester City,8,2005-2006
Joe Cole,England,Chelsea FC,7,2005-2006
Kevin Davies,England,Bolton Wanderers,7,2005-2006
Shefki Kuqi,Finland,Blackburn Rovers,7,2005-2006
Lomana LuaLua,Congo DR,Portsmouth FC,7,2005-2006
Luis García,Spain,Liverpool FC,7,2005-2006
Michael Owen,England,Newcastle United,7,2005-2006
Robert Pirés,France,Arsenal FC,7,2005-2006
Louis Saha,France,Manchester United,7,2005-2006
Mark Viduka,Australia,Middlesbrough FC,7,2005-2006
Joey Barton,England,Manchester City,6,2005-2006
Boa Morte,Portugal,Fulham FC,6,2005-2006
Tim Cahill,Australia,Everton FC,6,2005-2006
Robbie Fowler,England,Manchester City,6,2005-2006
Jermaine Jenas,England,Tottenham Hotspur,6,2005-2006
Steed Malbranque,France,Fulham FC,6,2005-2006
James McFadden,Scotland,Everton FC,6,2005-2006
Gary O'Neil,England,Portsmouth FC,6,2005-2006
Arjen Robben,Netherlands,Chelsea FC,6,2005-2006
Teddy Sheringham,England,West Ham United,6,2005-2006
Nolberto Solano,Peru,Newcastle United,6,2005-2006
Matthew Taylor,England,Portsmouth FC,6,2005-2006
Bobby Zamora,England,West Ham United,6,2005-2006
Yossi Benayoun,Israel,West Ham United,5,2005-2006
Paul Dickov,Scotland,Blackburn Rovers,5,2005-2006
Nathan Ellington,England,West Bromwich Albion,5,2005-2006
William Gallas,France,Chelsea FC,5,2005-2006
Jiří Jarošík,Czech Republic,Birmingham City,5,2005-2006
Nwankwo Kanu,Nigeria,West Bromwich Albion,5,2005-2006
Lee McCulloch,Scotland,Wigan Athletic,5,2005-2006
Morientes,Spain,Liverpool FC,5,2005-2006
Charles N'Zogbia,France,Newcastle United,5,2005-2006
Nigel Reo-Coker,England,West Ham United,5,2005-2006
Reyes,Spain,Arsenal FC,5,2005-2006
Liam Ridgewell,England,Aston Villa,5,2005-2006
Robin van Persie,Netherlands,Arsenal FC,5,2005-2006
Emmanuel Adebayor,Togo,Arsenal FC,4,2005-2006
Jimmy Bullard,England,Wigan Athletic,4,2005-2006
Steven Davis,Northern Ireland,Aston Villa,4,2005-2006
Emile Heskey,England,Birmingham City,4,2005-2006
Geoff Horsfield,England,West Bromwich Albion,4,2005-2006
Andreas Johansson,Sweden,Wigan Athletic,4,2005-2006
Danny Murphy,England,Tottenham Hotspur,4,2005-2006
Kevin Phillips,England,Aston Villa,4,2005-2006
Steven Reid,Ireland,Blackburn Rovers,4,2005-2006
Georgios Samaras,Greece,Manchester City,4,2005-2006
Gary Speed,Wales,Bolton Wanderers,4,2005-2006
John Terry,England,Chelsea FC,4,2005-2006
Svetoslav Todorov,Bulgaria,Portsmouth FC,4,2005-2006
Darren Ambrose,England,Charlton Athletic,3,2005-2006
Juan Pablo Ángel,Colombia,Aston Villa,3,2005-2006
Dean Ashton,England,West Ham United,3,2005-2006
Gareth Barry,England,Aston Villa,3,2005-2006
Marcus Bent,England,Everton FC,3,2005-2006
David Bentley,England,Blackburn Rovers,3,2005-2006
Nicky Butt,England,Birmingham City,3,2005-2006
Kevin Campbell,England,West Bromwich Albion,3,2005-2006
Cesc Fàbregas,Spain,Arsenal FC,3,2005-2006
El-Hadji Diouf,Senegal,Bolton Wanderers,3,2005-2006
Damien Duff,Ireland,Chelsea FC,3,2005-2006
Richard Dunne,Ireland,Manchester City,3,2005-2006
Rio Ferdinand,England,Manchester United,3,2005-2006
Mikael Forssell,Finland,Birmingham City,3,2005-2006
Ryan Giggs,Wales,Manchester United,3,2005-2006
Aliaksandr Hleb,Belarus,Arsenal FC,3,2005-2006
Bryan Hughes,England,Charlton Athletic,3,2005-2006
Radhi Jaïdi,Tunisia,Bolton Wanderers,3,2005-2006
Harry Kewell,Australia,Liverpool FC,3,2005-2006
Ledley King,England,Tottenham Hotspur,3,2005-2006
Liam Lawrence,Ireland,Sunderland AFC,3,2005-2006
Anthony Le Tallec,France,Sunderland AFC,3,2005-2006
Tommy Miller,Scotland,Sunderland AFC,3,2005-2006
Leon Osman,England,Everton FC,3,2005-2006
Pedro Mendes,Portugal,Tottenham Hotspur,3,2005-2006
Franck Queudrue,France,Middlesbrough FC,3,2005-2006
Ricardo Vaz Tê,Portugal,Bolton Wanderers,3,2005-2006
Paul Scharner,Austria,Wigan Athletic,3,2005-2006
Trevor Sinclair,England,Manchester City,3,2005-2006
Dean Whitehead,England,Sunderland AFC,3,2005-2006
Xabi Alonso,Spain,Liverpool FC,3,2005-2006
Emre Belözoğlu,Turkey,Newcastle United,2,2005-2006
Dennis Bergkamp,Netherlands,Arsenal FC,2,2005-2006
George Boateng,Netherlands,Middlesbrough FC,2,2005-2006
Jared Borgetti,Mexico,Bolton Wanderers,2,2005-2006
Jay Bothroyd,England,Charlton Athletic,2,2005-2006
Titus Bramble,England,Newcastle United,2,2005-2006
Sol Campbell,England,Arsenal FC,2,2005-2006
Michael Carrick,England,Tottenham Hotspur,2,2005-2006
Pascal Chimbonda,France,Wigan Athletic,2,2005-2006
James Collins,Wales,West Ham United,2,2005-2006
Pascal Cygan,France,Arsenal FC,2,2005-2006
Curtis Davies,England,West Bromwich Albion,2,2005-2006
Papa Bouba Diop,Senegal,Fulham FC,2,2005-2006
David Dunn,England,Birmingham City,2,2005-2006
Stephen Elliott,Ireland,Sunderland AFC,2,2005-2006
Michael Essien,Ghana,Chelsea FC,2,2005-2006
Matthew Etherington,England,West Ham United,2,2005-2006
Fábio Rochemback,Brazil,Middlesbrough FC,2,2005-2006
Anton Ferdinand,England,West Ham United,2,2005-2006
Zoltán Gera,Hungary,West Bromwich Albion,2,2005-2006
Gilberto Silva,Brazil,Arsenal FC,2,2005-2006
Jonathan Greening,England,West Bromwich Albion,2,2005-2006
Eiður Guðjohnsen,Iceland,Chelsea FC,2,2005-2006
Iván Campo,Spain,Bolton Wanderers,2,2005-2006
Claus Jensen,Denmark,Fulham FC,2,2005-2006
Aaron Lennon,England,Tottenham Hotspur,2,2005-2006
Massimo Maccarone,Italy,Middlesbrough FC,2,2005-2006
Mendieta,Spain,Middlesbrough FC,2,2005-2006
Geremi Njitap,Cameroon,Chelsea FC,2,2005-2006
Walter Pandiani,Uruguay,Birmingham City,2,2005-2006
Stuart Parnaby,England,Middlesbrough FC,2,2005-2006
Jermaine Pennant,England,Birmingham City,2,2005-2006
Tomasz Radzinski,Canada,Fulham FC,2,2005-2006
Dennis Rommedahl,Denmark,Charlton Athletic,2,2005-2006
Paul Scholes,England,Manchester United,2,2005-2006
Philippe Senderos,Switzerland,Arsenal FC,2,2005-2006
Antoine Sibierski,France,Manchester City,2,2005-2006
Darío Silva,Uruguay,Portsmouth FC,2,2005-2006
David Sommeil,Guadeloupe,Manchester City,2,2005-2006
David Thompson,England,Wigan Athletic,2,2005-2006
Andy Todd,England,Blackburn Rovers,2,2005-2006
Boudewijn Zenden,Netherlands,Liverpool FC,2,2005-2006
Gabriel Agbonlahor,England,Aston Villa,1,2005-2006
Albert Riera,Spain,Manchester City,1,2005-2006
Martin Albrechtsen,Denmark,West Bromwich Albion,1,2005-2006
Victor Anichebe,Nigeria,Everton FC,1,2005-2006
Julio Arca,Argentina,Sunderland AFC,1,2005-2006
Shaun Bartlett,South Africa,Charlton Athletic,1,2005-2006
Benjani,Zimbabwe,Portsmouth FC,1,2005-2006
Carlos Bocanegra,USA,Fulham FC,1,2005-2006
Lee Bowyer,England,Newcastle United,1,2005-2006
Gary Breen,Ireland,Sunderland AFC,1,2005-2006
Chris Brown,England,Sunderland AFC,1,2005-2006
Gary Cahill,England,Aston Villa,1,2005-2006
Darren Carter,England,West Bromwich Albion,1,2005-2006
Lee Cattermole,England,Middlesbrough FC,1,2005-2006
Michael Chopra,England,Newcastle United,1,2005-2006
Jamie Clapham,England,Birmingham City,1,2005-2006
Lee Clark,England,Newcastle United,1,2005-2006
Neil Clement,England,West Bromwich Albion,1,2005-2006
Danny Collins,Wales,Sunderland AFC,1,2005-2006
David Connolly,Ireland,Wigan Athletic,1,2005-2006
Lee Croft,England,Manchester City,1,2005-2006
Andrés D'Alessandro,Argentina,Portsmouth FC,1,2005-2006
Edgar Davids,Netherlands,Tottenham Hotspur,1,2005-2006
Simon Davies,Wales,Everton FC,1,2005-2006
Sean Davis,England,Portsmouth FC,1,2005-2006
Del Horno,Spain,Chelsea FC,1,2005-2006
Mark Delaney,Wales,Aston Villa,1,2005-2006
Rory Delap,Ireland,Sunderland AFC,1,2005-2006
Abou Diaby,France,Arsenal FC,1,2005-2006
Stewart Downing,England,Middlesbrough FC,1,2005-2006
Robert Earnshaw,Wales,West Bromwich Albion,1,2005-2006
Brett Emerton,Australia,Blackburn Rovers,1,2005-2006
Jason Euell,Jamaica,Charlton Athletic,1,2005-2006
Khalilou Fadiga,Senegal,Bolton Wanderers,1,2005-2006
Abdoulaye Faye,Senegal,Bolton Wanderers,1,2005-2006
Duncan Ferguson,Scotland,Everton FC,1,2005-2006
Carl Fletcher,Wales,West Ham United,1,2005-2006
Darren Fletcher,Scotland,Manchester United,1,2005-2006
Damien Francis,Jamaica,Wigan Athletic,1,2005-2006
Andy Gray,Scotland,Sunderland AFC,1,2005-2006
Julian Gray,England,Birmingham City,1,2005-2006
Lee Hendrie,England,Aston Villa,1,2005-2006
Matt Holland,Ireland,Charlton Athletic,1,2005-2006
Justin Hoyte,Trinidad & Tobago,Sunderland AFC,1,2005-2006
Sami Hyypiä,Finland,Liverpool FC,1,2005-2006
Adam Johnson,England,Middlesbrough FC,1,2005-2006
Diomansy Kamara,Senegal,West Bromwich Albion,1,2005-2006
Azar Karadaş,Norway,Portsmouth FC,1,2005-2006
Tugay Kerimoğlu,Turkey,Blackburn Rovers,1,2005-2006
Zurab Khizanishvili,Georgia,Blackburn Rovers,1,2005-2006
Paul Konchesky,England,West Ham United,1,2005-2006
Ognjen Koroman,Serbia,Portsmouth FC,1,2005-2006
Kevin Kyle,Scotland,Sunderland AFC,1,2005-2006
Freddie Ljungberg,Sweden,Arsenal FC,1,2005-2006
Luque,Spain,Newcastle United,1,2005-2006
Alan Mahon,Ireland,Wigan Athletic,1,2005-2006
Williams Martínez,Uruguay,West Bromwich Albion,1,2005-2006
Gavin McCann,England,Aston Villa,1,2005-2006
Mario Melchiot,Netherlands,Birmingham City,1,2005-2006
Neil Mellor,England,Wigan Athletic,1,2005-2006
Mikel Arteta,Spain,Everton FC,1,2005-2006
Danny Mills,England,Manchester City,1,2005-2006
James Milner,England,Newcastle United,1,2005-2006
James Morrison,Scotland,Middlesbrough FC,1,2005-2006
Daryl Murphy,Ireland,Sunderland AFC,1,2005-2006
Hidetoshi Nakata,Japan,Bolton Wanderers,1,2005-2006
Lucas Neill,Australia,Blackburn Rovers,1,2005-2006
Shaun Newton,England,West Ham United,1,2005-2006
John O'Shea,Ireland,Manchester United,1,2005-2006
Jay Jay Okocha,Nigeria,Bolton Wanderers,1,2005-2006
Ji-Sung Park,South Korea,Manchester United,1,2005-2006
Scott Parker,England,Newcastle United,1,2005-2006
Henrik Pedersen,Denmark,Bolton Wanderers,1,2005-2006
Chris Perry,England,Charlton Athletic,1,2005-2006
Emanuel Pogatetz,Austria,Middlesbrough FC,1,2005-2006
Nigel Quashie,Scotland,West Bromwich Albion,1,2005-2006
Claudio Reyna,USA,Manchester City,1,2005-2006
Ricardo Carvalho,Portugal,Chelsea FC,1,2005-2006
Kieran Richardson,England,Manchester United,1,2005-2006
John Arne Riise,Norway,Liverpool FC,1,2005-2006
Laurent Robert,France,Portsmouth FC,1,2005-2006
Giuseppe Rossi,Italy,Manchester United,1,2005-2006
Robbie Savage,Wales,Blackburn Rovers,1,2005-2006
Mikaël Silvestre,France,Manchester United,1,2005-2006
Florent Sinama-Pongolle,France,Liverpool FC,1,2005-2006
Alan Smith,England,Manchester United,1,2005-2006
Paul Stalteri,Canada,Tottenham Hotspur,1,2005-2006
Jon Stead,England,Sunderland AFC,1,2005-2006
Alan Stubbs,England,Sunderland AFC,1,2005-2006
Chris Sutton,England,Birmingham City,1,2005-2006
Teemu Tainio,Finland,Tottenham Hotspur,1,2005-2006
Jerome Thomas,England,Charlton Athletic,1,2005-2006
Matthew Upson,England,Birmingham City,1,2005-2006
Jhon Viáfara,Colombia,Portsmouth FC,1,2005-2006
Zvonimir Vukić,Serbia,Portsmouth FC,1,2005-2006
Stephen Warnock,England,Liverpool FC,1,2005-2006
Steve Watson,England,West Bromwich Albion,1,2005-2006
David Weir,Scotland,Everton FC,1,2005-2006
Bradley Wright-Phillips,England,Manchester City,1,2005-2006
Joseph Yobo,Nigeria,Everton FC,1,2005-2006
Luke Young,England,Charlton Athletic,1,2005-2006
